Wk,Day,Date,Time,Home,xG,Score,xG,Away,
1,Fri,15/08/2025,20:00,Liverpool,2.2,4–2,1.7,Bournemouth,
1,Sat,16/08/2025,12:30,Aston Villa,0.2,0–0,1.4,Newcastle Utd,
1,Sat,16/08/2025,15:00,Sunderland,0.7,3–0,0.6,West Ham,
1,Sat,16/08/2025,15:00,Brighton,1.5,1–1,0.7,Fulham,
1,Sat,16/08/2025,15:00,Tottenham,2.3,3–0,0.9,Burnley,
1,Sat,16/08/2025,17:30,Wolves,0.6,0–4,2.4,Manchester City,
1,Sun,17/08/2025,14:00,Chelsea,1.6,0–0,0.6,Crystal Palace,
1,Sun,17/08/2025,14:00,Nott'ham Forest,1.8,3–1,1.4,Brentford,
1,Sun,17/08/2025,16:30,Manchester Utd,1.5,0–1,1.3,Arsenal,
1,Mon,18/08/2025,20:00,Leeds United,2,1–0,0.8,Everton,
2,Fri,22/08/2025,20:00,West Ham,0.7,1–5,2.7,Chelsea,
2,Sat,23/08/2025,12:30,Manchester City,1.6,0–2,1.1,Tottenham,
2,Sat,23/08/2025,15:00,Bournemouth,1.3,1–0,0.5,Wolves,
2,Sat,23/08/2025,15:00,Brentford,1.2,1–0,1.2,Aston Villa,
2,Sat,23/08/2025,15:00,Burnley,1,2–0,0.8,Sunderland,
2,Sat,23/08/2025,17:30,Arsenal,2.7,5–0,0.2,Leeds United,
2,Sun,24/08/2025,14:00,Crystal Palace,1.1,1–1,0.9,Nott'ham Forest,
2,Sun,24/08/2025,14:00,Everton,1.6,2–0,2.4,Brighton,
2,Sun,24/08/2025,16:30,Fulham,1.7,1–1,1.6,Manchester Utd,
2,Mon,25/08/2025,20:00,Newcastle Utd,1,2–3,0.7,Liverpool,
3,Sat,30/08/2025,12:30,Chelsea,2.1,2–0,0.9,Fulham,
3,Sat,30/08/2025,15:00,Wolves,1.1,2–3,1.9,Everton,
3,Sat,30/08/2025,15:00,Manchester Utd,3.6,3–2,1.2,Burnley,
3,Sat,30/08/2025,15:00,Sunderland,1.5,2–1,1.2,Brentford,
3,Sat,30/08/2025,15:00,Tottenham,0.2,0–1,1.5,Bournemouth,
3,Sat,30/08/2025,17:30,Leeds United,0.7,0–0,0.5,Newcastle Utd,
3,Sun,31/08/2025,14:00,Nott'ham Forest,0.7,0–3,2.4,West Ham,
3,Sun,31/08/2025,14:00,Brighton,2.2,2–1,1.8,Manchester City,
3,Sun,31/08/2025,16:30,Liverpool,0.5,1–0,0.5,Arsenal,
3,Sun,31/08/2025,19:00,Aston Villa,1.1,0–3,2.6,Crystal Palace,
4,Sat,13/09/2025,12:30,Arsenal,1.8,3–0,0.2,Nott'ham Forest,
4,Sat,13/09/2025,15:00,Newcastle Utd,1.5,1–0,0.5,Wolves,
4,Sat,13/09/2025,15:00,Fulham,0.9,1–0,0.8,Leeds United,
4,Sat,13/09/2025,15:00,Crystal Palace,1.8,0–0,0.4,Sunderland,
4,Sat,13/09/2025,15:00,Everton,2,0–0,0.4,Aston Villa,
4,Sat,13/09/2025,15:00,Bournemouth,1.4,2–1,0.6,Brighton,
4,Sat,13/09/2025,17:30,West Ham,0.6,0–3,1.3,Tottenham,
4,Sat,13/09/2025,20:00,Brentford,1.4,2–2,1.3,Chelsea,
4,Sun,14/09/2025,14:00,Burnley,0.1,0–1,2.6,Liverpool,
4,Sun,14/09/2025,16:30,Manchester City,2.7,3–0,1.2,Manchester Utd,
5,Sat,20/09/2025,12:30,Liverpool,0.9,2–1,0.7,Everton,
5,Sat,20/09/2025,15:00,Wolves,1.8,1–3,0.5,Leeds United,
5,Sat,20/09/2025,15:00,Brighton,1.3,2–2,1.2,Tottenham,
5,Sat,20/09/2025,15:00,Burnley,0.9,1–1,1.1,Nott'ham Forest,
5,Sat,20/09/2025,15:00,West Ham,0.6,1–2,2.1,Crystal Palace,
5,Sat,20/09/2025,17:30,Manchester Utd,1.8,2–1,0.4,Chelsea,
5,Sat,20/09/2025,20:00,Fulham,1,3–1,0.6,Brentford,
5,Sun,21/09/2025,14:00,Bournemouth,0.5,0–0,0.2,Newcastle Utd,
5,Sun,21/09/2025,14:00,Sunderland,1,1–1,0.8,Aston Villa,
5,Sun,21/09/2025,16:30,Arsenal,0.9,1–1,0.9,Manchester City,
6,Sat,27/09/2025,12:30,Brentford,1.9,3–1,2.1,Manchester Utd,
6,Sat,27/09/2025,15:00,Crystal Palace,2.9,2–1,2.1,Liverpool,
6,Sat,27/09/2025,15:00,Manchester City,2,5–1,0.4,Burnley,
6,Sat,27/09/2025,15:00,Chelsea,1.8,1–3,2.3,Brighton,
6,Sat,27/09/2025,15:00,Leeds United,1.8,2–2,0.7,Bournemouth,
6,Sat,27/09/2025,17:30,Nott'ham Forest,1.6,0–1,1.6,Sunderland,
6,Sat,27/09/2025,20:00,Tottenham,0.8,1–1,1.1,Wolves,
6,Sun,28/09/2025,14:00,Aston Villa,1.1,3–1,1.1,Fulham,
6,Sun,28/09/2025,16:30,Newcastle Utd,0.6,1–2,2,Arsenal,
6,Mon,29/09/2025,20:00,Everton,0.7,1–1,1.2,West Ham,
7,Fri,03/10/2025,20:00,Bournemouth,1.2,3–1,0.9,Fulham,
7,Sat,04/10/2025,12:30,Leeds United,1.7,1–2,0.6,Tottenham,
7,Sat,04/10/2025,15:00,Arsenal,2.8,2–0,0.4,West Ham,
7,Sat,04/10/2025,15:00,Manchester Utd,1.8,2–0,0.7,Sunderland,
7,Sat,04/10/2025,17:30,Chelsea,1,2–1,1.9,Liverpool,
7,Sun,05/10/2025,14:00,Wolves,0.6,1–1,0.9,Brighton,
7,Sun,05/10/2025,14:00,Everton,2,2–1,1.5,Crystal Palace,
7,Sun,05/10/2025,14:00,Aston Villa,1.1,2–1,0.4,Burnley,
7,Sun,05/10/2025,14:00,Newcastle Utd,3.2,2–0,0.2,Nott'ham Forest,
7,Sun,05/10/2025,16:30,Brentford,0.7,0–1,0.8,Manchester City,
8,Sat,18/10/2025,12:30,Nott'ham Forest,2.2,0–3,1.7,Chelsea,
8,Sat,18/10/2025,15:00,Sunderland,0.6,2–0,0.8,Wolves,
8,Sat,18/10/2025,15:00,Burnley,0.5,2–0,2.4,Leeds United,
8,Sat,18/10/2025,15:00,Brighton,0.9,2–1,1.4,Newcastle Utd,
8,Sat,18/10/2025,15:00,Crystal Palace,4.4,3–3,2,Bournemouth,
8,Sat,18/10/2025,15:00,Manchester City,2.3,2–0,1.1,Everton,
8,Sat,18/10/2025,17:30,Fulham,0.4,0–1,1.8,Arsenal,
8,Sun,19/10/2025,14:00,Tottenham,0.9,1–2,0.3,Aston Villa,
8,Sun,19/10/2025,16:30,Liverpool,2.6,1–2,1.3,Manchester Utd,
8,Mon,20/10/2025,20:00,West Ham,0.4,0–2,2.3,Brentford,
9,Fri,24/10/2025,20:00,Leeds United,1.5,2–1,0.6,West Ham,
9,Sat,25/10/2025,15:00,Newcastle Utd,2.1,2–1,1.3,Fulham,
9,Sat,25/10/2025,15:00,Chelsea,0.9,1–2,1.2,Sunderland,
9,Sat,25/10/2025,17:30,Manchester Utd,1.3,4–2,1.1,Brighton,
9,Sat,25/10/2025,20:00,Brentford,2.7,3–2,2.2,Liverpool,
9,Sun,26/10/2025,14:00,Arsenal,0.9,1–0,0.5,Crystal Palace,
9,Sun,26/10/2025,14:00,Aston Villa,0.8,1–0,1.2,Manchester City,
9,Sun,26/10/2025,14:00,Wolves,2.3,2–3,1.4,Burnley,
9,Sun,26/10/2025,14:00,Bournemouth,0.6,2–0,0.4,Nott'ham Forest,
9,Sun,26/10/2025,16:30,Everton,1.7,0–3,1.7,Tottenham,
10,Sat,01/11/2025,15:00,Crystal Palace,0.7,2–0,0.5,Brentford,
10,Sat,01/11/2025,15:00,Nott'ham Forest,1.9,2–2,1.2,Manchester Utd,
10,Sat,01/11/2025,15:00,Fulham,1.3,3–0,0.2,Wolves,
10,Sat,01/11/2025,15:00,Burnley,0.4,0–2,2.3,Arsenal,
10,Sat,01/11/2025,15:00,Brighton,3,3–0,0.5,Leeds United,
10,Sat,01/11/2025,17:30,Tottenham,0.1,0–1,3.7,Chelsea,
10,Sat,01/11/2025,20:00,Liverpool,1.2,2–0,0.4,Aston Villa,
10,Sun,02/11/2025,14:00,West Ham,1.7,3–1,0.5,Newcastle Utd,
10,Sun,02/11/2025,16:30,Manchester City,2.2,3–1,0.6,Bournemouth,
10,Mon,03/11/2025,20:00,Sunderland,1.2,1–1,0.9,Everton,
11,Sat,08/11/2025,12:30,Tottenham,0.9,2–2,0.8,Manchester Utd,
11,Sat,08/11/2025,15:00,West Ham,3,3–2,1,Burnley,
11,Sat,08/11/2025,15:00,Everton,1.4,2–0,0.4,Fulham,
11,Sat,08/11/2025,17:30,Sunderland,0.4,2–2,1.9,Arsenal,
11,Sat,08/11/2025,20:00,Chelsea,3.3,3–0,0.2,Wolves,
11,Sun,09/11/2025,14:00,Aston Villa,1.7,4–0,1.6,Bournemouth,
11,Sun,09/11/2025,14:00,Nott'ham Forest,2.5,3–1,0.7,Leeds United,
11,Sun,09/11/2025,14:00,Crystal Palace,0.7,0–0,0.4,Brighton,
11,Sun,09/11/2025,14:00,Brentford,2.3,3–1,0.4,Newcastle Utd,
11,Sun,09/11/2025,16:30,Manchester City,1.5,3–0,0.7,Liverpool,
12,Sat,22/11/2025,12:30,Burnley,0.4,0–2,1.7,Chelsea,
12,Sat,22/11/2025,15:00,Bournemouth,3.9,2–2,0.6,West Ham,
12,Sat,22/11/2025,15:00,Fulham,2.1,1–0,0.2,Sunderland,
12,Sat,22/11/2025,15:00,Wolves,1.8,0–2,1.3,Crystal Palace,
12,Sat,22/11/2025,15:00,Liverpool,1.9,0–3,1.6,Nott'ham Forest,
12,Sat,22/11/2025,15:00,Brighton,1.2,2–1,2,Brentford,
12,Sat,22/11/2025,17:30,Newcastle Utd,2.3,2–1,2.5,Manchester City,
12,Sun,23/11/2025,14:00,Leeds United,1.6,1–2,1.6,Aston Villa,
12,Sun,23/11/2025,16:30,Arsenal,1.9,4–1,0.1,Tottenham,
12,Mon,24/11/2025,20:00,Manchester Utd,1.6,0–1,0.2,Everton,
13,Sat,29/11/2025,15:00,Sunderland,1.5,3–2,1.7,Bournemouth,
13,Sat,29/11/2025,15:00,Brentford,3,3–1,0.9,Burnley,
13,Sat,29/11/2025,15:00,Manchester City,2.6,3–2,1.5,Leeds United,
13,Sat,29/11/2025,17:30,Everton,1,1–4,1.8,Newcastle Utd,
13,Sat,29/11/2025,20:00,Tottenham,0.9,1–2,0.4,Fulham,
13,Sun,30/11/2025,12:00,Crystal Palace,1.8,1–2,1.2,Manchester Utd,
13,Sun,30/11/2025,14:05,Nott'ham Forest,0.9,0–2,1.9,Brighton,
13,Sun,30/11/2025,14:05,Aston Villa,0.9,1–0,0.4,Wolves,
13,Sun,30/11/2025,14:05,West Ham,0.3,0–2,1.2,Liverpool,
13,Sun,30/11/2025,16:30,Chelsea,0.8,1–1,1,Arsenal,
14,Tue,02/12/2025,19:30,Bournemouth,0.5,0–1,1.4,Everton,
14,Tue,02/12/2025,19:30,Fulham,0.9,4–5,2.3,Manchester City,
14,Tue,02/12/2025,20:15,Newcastle Utd,2,2–2,0.7,Tottenham,
14,Wed,03/12/2025,19:30,Burnley,0.9,0–1,0.7,Crystal Palace,
14,Wed,03/12/2025,19:30,Arsenal,1.8,2–0,0.3,Brentford,
14,Wed,03/12/2025,19:30,Wolves,0.9,0–1,0.7,Nott'ham Forest,
14,Wed,03/12/2025,19:30,Brighton,1.9,3–4,2.3,Aston Villa,
14,Wed,03/12/2025,20:15,Liverpool,1.4,1–1,0.4,Sunderland,
14,Wed,03/12/2025,20:15,Leeds United,2.3,3–1,0.9,Chelsea,
14,Thu,04/12/2025,20:00,Manchester Utd,1.8,1–1,0.8,West Ham,
15,Sat,06/12/2025,12:30,Aston Villa,2.1,2–1,1.9,Arsenal,
15,Sat,06/12/2025,15:00,Newcastle Utd,1.8,2–1,1.6,Burnley,
15,Sat,06/12/2025,15:00,Manchester City,2.4,3–0,0.7,Sunderland,
15,Sat,06/12/2025,15:00,Tottenham,2.2,2–0,0.2,Brentford,
15,Sat,06/12/2025,15:00,Everton,1.1,3–0,0.5,Nott'ham Forest,
15,Sat,06/12/2025,15:00,Bournemouth,1.5,0–0,0.9,Chelsea,
15,Sat,06/12/2025,17:30,Leeds United,1.6,3–3,1.9,Liverpool,
15,Sun,07/12/2025,14:00,Brighton,1.8,1–1,1.2,West Ham,
15,Sun,07/12/2025,16:30,Fulham,0.8,1–2,1.6,Crystal Palace,
15,Mon,08/12/2025,20:00,Wolves,0.6,1–4,4,Manchester Utd,
16,Sat,13/12/2025,15:00,Chelsea,2.2,2–0,1,Everton,
16,Sat,13/12/2025,15:00,Liverpool,1.8,2–0,1.9,Brighton,
16,Sat,13/12/2025,17:30,Burnley,2.4,2–3,2,Fulham,
16,Sat,13/12/2025,20:00,Arsenal,1.1,2–1,0.3,Wolves,
16,Sun,14/12/2025,14:00,Sunderland,0.3,1–0,0.2,Newcastle Utd,
16,Sun,14/12/2025,14:00,West Ham,1,2–3,0.7,Aston Villa,
16,Sun,14/12/2025,14:00,Crystal Palace,1.9,0–3,1.2,Manchester City,
16,Sun,14/12/2025,14:00,Nott'ham Forest,2.3,3–0,0.3,Tottenham,
16,Sun,14/12/2025,16:30,Brentford,0.6,1–1,1.5,Leeds United,
16,Mon,15/12/2025,20:00,Manchester Utd,3.4,4–4,1.9,Bournemouth,
17,Sat,20/12/2025,12:30,Newcastle Utd,2.3,2–2,1.2,Chelsea,
17,Sat,20/12/2025,15:00,Wolves,1.3,0–2,1.3,Brentford,
17,Sat,20/12/2025,15:00,Brighton,1.1,0–0,1.4,Sunderland,
17,Sat,20/12/2025,15:00,Bournemouth,1.4,1–1,0.4,Burnley,
17,Sat,20/12/2025,15:00,Manchester City,2.1,3–0,1.1,West Ham,
17,Sat,20/12/2025,17:30,Tottenham,1,1–2,0.7,Liverpool,
17,Sat,20/12/2025,20:00,Everton,0.2,0–1,2,Arsenal,
17,Sat,20/12/2025,20:00,Leeds United,2.6,4–1,1.6,Crystal Palace,
17,Sun,21/12/2025,16:30,Aston Villa,1.2,2–1,1.3,Manchester Utd,
17,Mon,22/12/2025,20:00,Fulham,1.5,1–0,0.7,Nott'ham Forest,
18,Fri,26/12/2025,20:00,Manchester Utd,1.3,1–0,1.2,Newcastle Utd,
18,Sat,27/12/2025,12:30,Nott'ham Forest,0.6,1–2,1.5,Manchester City,
18,Sat,27/12/2025,15:00,Brentford,3.5,4–1,2.3,Bournemouth,
18,Sat,27/12/2025,15:00,Burnley,1.4,0–0,0.8,Everton,
18,Sat,27/12/2025,15:00,West Ham,0.9,0–1,1.5,Fulham,
18,Sat,27/12/2025,15:00,Arsenal,2.7,2–1,0.8,Brighton,
18,Sat,27/12/2025,15:00,Liverpool,1.5,2–1,1.2,Wolves,
18,Sat,27/12/2025,17:30,Chelsea,2.1,1–2,1.2,Aston Villa,
18,Sun,28/12/2025,14:00,Sunderland,0.7,1–1,2.2,Leeds United,
18,Sun,28/12/2025,16:30,Crystal Palace,1.5,0–1,0.8,Tottenham,
19,Tue,30/12/2025,19:30,Burnley,1.1,1–3,2.3,Newcastle Utd,
19,Tue,30/12/2025,19:30,Nott'ham Forest,1.5,0–2,1.3,Everton,
19,Tue,30/12/2025,19:30,West Ham,1.9,2–2,2.9,Brighton,
19,Tue,30/12/2025,19:30,Chelsea,2.3,2–2,3,Bournemouth,
19,Tue,30/12/2025,20:15,Arsenal,2.9,4–1,2.5,Aston Villa,
19,Tue,30/12/2025,20:15,Manchester Utd,0.8,1–1,1.2,Wolves,
19,Thu,01/01/2026,17:30,Liverpool,2.1,0–0,0.7,Leeds United,
19,Thu,01/01/2026,17:30,Crystal Palace,1.9,1–1,1.7,Fulham,
19,Thu,01/01/2026,20:00,Sunderland,0.9,0–0,2.1,Manchester City,
19,Thu,01/01/2026,20:00,Brentford,0.9,0–0,0.8,Tottenham,
